{"cameraMode":{"drawMode":0,"name":"Shaded","section":"Shading Mode"},"sceneLighting":true,"audioPlay":false,"sceneViewState":{"showFog":true,"showMaterialUpdate":false,"showSkybox":true,"showFlares":true,"showImageEffects":true,"showParticleSystems":true},"in2DMode":false,"pivot":{"x":-0.46135520935058596,"y":2.9242849349975588,"z":-1.462019920349121},"rotation":{"x":-0.22327594459056855,"y":0.5842294692993164,"z":-0.17136144638061524,"w":-0.7612221837043762},"size":23.23695945739746,"orthographic":false}